{"cameraMode":{"drawMode":0,"name":"Shaded","section":"Shading Mode"},"sceneLighting":false,"audioPlay":false,"sceneViewState":{"m_AlwaysRefresh":false,"showFog":true,"showSkybox":false,"showFlares":true,"showImageEffects":true,"showParticleSystems":true,"showVisualEffectGraphs":true,"m_FxEnabled":true},"in2DMode":false,"pivot":{"x":0.17005684971809388,"y":0.4351412057876587,"z":-0.011297821998596192},"rotation":{"x":0.09104987233877182,"y":-0.694179117679596,"z":0.08921055495738983,"w":0.7084981799125671},"size":1.8015700578689576,"orthographic":false}